{
    "normals":[0,1,0,0,0,1,-1,-0,0,1,0,0,0,-0,-1,0,0,1,0,9.93411e-08,1,1,0,0,-1,-0,0,0,-0,-1,0,1,-0,0,1,-7.90718e-07,0,1,-7.90718e-07,-0,1,0,0,1,-1.70304e-07,0,1,-7.90718e-07,0,1,-0,0,0,-1,0,-1,-0,0,-1,-0,0,0,-1,0,-1,7.90718e-07,0,-9.93411e-08,-1],
    "vertices":[-3.76993,7.60627e-08,1.74011,-3.46795,7.60627e-08,1.74011,-3.76993,7.09137e-08,1.62232,-3.76993,-1.15859e-07,-2.65054,-3.76993,-1.29039e-07,-2.95207,-3.46795,-1.29039e-07,-2.95207,-2.36241,-1.29039e-07,-2.95207,-0.566687,-1.29039e-07,-2.95207,0.830752,-1.29039e-07,-2.95207,-1.19513,7.60627e-08,1.74011,-1.19513,7.09137e-08,1.62232,-0.297746,7.60627e-08,1.74011,-0.297746,7.09137e-08,1.62232,0.830752,7.60627e-08,1.74011,0.945125,7.60627e-08,1.74011,0.945125,7.09137e-08,1.62232,1.95399,1.37257e-07,3.14007,1.95399,1.42242e-07,3.25412,1.17776,1.37257e-07,3.14007,1.17776,1.42242e-07,3.25412,0.277532,1.37257e-07,3.14007,0.277532,1.42242e-07,3.25412,-3.46795,1.37257e-07,3.14007,-3.46795,1.42242e-07,3.25412,-3.76993,1.37257e-07,3.14007,-3.76993,1.42242e-07,3.25412,-3.76993,1,1.62232,-3.76993,1,1.74011,-3.46795,1,1.74011,-3.76993,1,-2.65054,-3.46795,1,-2.95207,-3.76993,1,-2.95207,-2.36241,1,-2.65054,-2.36241,1,-2.95207,-0.566687,1,-2.65054,-0.566687,1,-2.95207,0.830752,1,-2.95207,-1.19513,1,1.74011,-1.19513,1,1.62232,-0.297746,1,1.74011,-0.297746,1,1.62232,0.830752,1,1.74011,0.945125,1,1.74011,0.945125,1,1.62232,1.95399,1,3.14007,1.95399,1,3.25412,1.17776,1,3.14007,1.17776,1,3.25412,0.277532,1,3.14007,0.277532,1,3.25412,-3.46795,1,3.14007,-3.46795,1,3.25412,-3.76993,1,3.14007,-3.76993,1,3.25412,-3.46795,2.2,-2.95207,-3.76993,2.2,-2.95207,-3.76993,2.2,-2.65054,-3.76993,2.2,1.62232,-3.46795,2.2,1.74011,-3.76993,2.2,1.74011,-2.36241,2.2,-2.65054,-2.36241,2.2,-2.95207,-0.566687,2.2,-2.65054,-0.566687,2.2,-2.95207,0.830752,2.2,-2.95207,-1.19513,2.2,1.74011,-1.19513,2.2,1.62232,-0.297746,2.2,1.74011,-0.297746,2.2,1.62232,0.830752,2.2,1.74011,0.945125,2.2,1.74011,0.945125,2.2,1.62232,1.95399,2.2,3.14007,1.95399,2.2,3.25412,1.17776,2.2,3.14007,1.17776,2.2,3.25412,0.277532,2.2,3.14007,0.277532,2.2,3.25412,-3.46795,2.2,3.14007,-3.46795,2.2,3.25412,-3.76993,2.2,3.14007,-3.76993,2.2,3.25412,-3.46795,2.5,-2.65054,-3.46795,2.5,-2.95207,-3.76993,2.5,-2.95207,-3.76993,2.5,-2.65054,-3.46795,2.5,1.62232,-3.76993,2.5,1.62232,-3.46795,2.5,1.74011,-3.76993,2.5,1.74011,-2.36241,2.5,-2.65054,-2.36241,2.5,-2.95207,-0.566687,2.5,-2.65054,-0.566687,2.5,-2.95207,0.830752,2.5,-2.65054,0.830752,2.5,-2.95207,-1.19513,2.5,1.74011,-1.19513,2.5,1.62232,-0.297746,2.5,1.74011,-0.297746,2.5,1.62232,0.830752,2.5,1.74011,0.830752,2.5,1.62232,0.945125,2.5,1.74011,0.945125,2.5,1.62232,1.95399,2.5,3.14007,1.95399,2.5,3.25412,1.17776,2.5,3.14007,1.17776,2.5,3.25412,0.277532,2.5,3.14007,0.277532,2.5,3.25412,-3.46795,2.5,3.14007,-3.46795,2.5,3.25412,-3.76993,2.5,3.14007,-3.76993,2.5,3.25412,-3.46795,7.09137e-08,1.62232,-3.46795,-1.15859e-07,-2.65054,-2.36241,-1.15859e-07,-2.65054,-0.566687,-1.15859e-07,-2.65054,0.830752,-1.15859e-07,-2.65054,0.830752,7.09137e-08,1.62232,-3.46795,1,1.62232,-3.46795,1,-2.65054,0.830752,1,-2.65054,0.830752,1,1.62232,-3.46795,2.2,-2.65054,-3.46795,2.2,1.62232,0.830752,2.2,-2.65054,0.830752,2.2,1.62232],
    "metadata":{
        "version":3,
        "generator":"io_three",
        "normals":23,
        "vertices":128,
        "faces":106,
        "type":"Geometry",
        "uvs":1
    },
    "faces":[41,33,32,34,35,0,1,2,3,0,0,0,0,41,51,49,77,79,4,5,6,7,1,1,1,1,41,31,29,56,55,8,9,10,11,2,2,2,2,41,49,48,76,77,12,13,14,15,3,3,3,3,41,26,27,59,57,16,17,18,19,2,2,2,2,41,44,46,74,72,20,21,22,23,4,4,4,4,41,47,45,73,75,24,25,26,27,5,5,5,5,41,46,47,75,74,28,29,30,31,2,2,2,2,41,30,31,55,54,32,33,34,35,4,4,4,4,41,41,42,70,69,36,37,38,39,6,6,6,6,41,3,2,26,29,40,41,42,9,2,2,2,2,41,18,19,47,46,43,44,29,28,2,2,2,2,41,5,4,31,30,45,46,33,32,4,4,4,4,41,19,17,45,47,47,48,25,24,5,5,5,5,41,4,3,29,31,49,40,9,8,2,2,2,2,41,9,10,38,37,50,51,52,53,7,7,7,7,41,16,18,46,44,54,55,21,20,4,4,4,4,41,21,20,48,49,56,57,13,12,3,3,3,3,41,1,9,37,28,58,59,60,61,5,5,5,5,41,6,5,30,33,62,45,32,63,4,4,4,4,41,12,11,39,40,64,65,66,67,8,8,8,8,41,23,21,49,51,68,69,5,4,5,5,5,5,41,7,6,33,35,70,62,63,71,4,4,4,4,41,20,22,50,48,72,73,74,75,4,4,4,4,41,24,25,53,52,76,77,78,79,2,2,2,2,41,11,13,41,39,80,81,36,82,5,5,5,5,41,25,23,51,53,77,68,4,78,5,5,5,5,41,8,7,35,36,83,70,71,84,9,9,9,9,41,14,15,43,42,85,86,87,37,7,7,7,7,41,0,24,52,27,88,89,90,17,2,2,2,2,41,13,14,42,41,81,85,37,36,5,5,5,5,41,22,1,28,50,91,92,93,94,3,3,3,3,41,2,0,27,26,95,88,17,16,8,8,8,8,41,55,56,85,84,11,10,96,97,2,2,2,2,41,81,79,111,113,98,7,99,100,5,5,5,5,41,80,81,113,112,101,98,100,102,2,2,2,2,41,76,78,110,108,103,104,105,106,4,4,4,4,41,79,77,109,111,7,6,107,99,5,5,5,5,41,96,98,99,97,108,109,110,111,10,10,10,10,41,72,74,106,104,23,22,112,113,4,4,4,4,41,75,73,105,107,27,26,114,115,5,5,5,5,41,65,67,98,96,116,117,109,108,5,5,5,5,41,29,26,57,56,9,42,118,10,8,8,8,8,41,48,50,78,76,75,74,104,103,9,9,9,9,41,52,53,81,80,79,78,98,101,2,2,2,2,41,53,51,79,81,78,4,7,98,5,5,5,5,41,37,38,66,65,53,52,119,120,3,3,3,3,41,27,52,80,59,17,90,121,18,8,8,8,8,41,50,28,58,78,94,93,122,123,7,7,7,7,41,32,33,61,60,124,125,126,127,3,3,3,3,41,28,37,65,58,61,60,116,128,6,6,6,6,41,33,30,54,61,63,32,35,129,4,4,4,4,41,40,39,67,68,67,66,130,131,2,2,2,2,41,35,34,62,63,132,133,134,135,2,2,2,2,41,39,41,69,67,82,36,39,117,6,6,6,6,41,42,43,71,70,37,87,136,38,3,3,3,3,41,36,35,63,64,84,71,137,138,4,4,4,4,41,83,82,90,91,139,140,141,142,11,11,11,11,41,85,82,83,84,96,143,144,97,11,11,11,11,41,87,86,82,85,145,146,143,96,10,10,10,10,41,89,88,86,87,147,148,149,150,10,10,10,10,41,93,92,94,95,151,152,153,154,12,12,12,12,41,86,88,96,97,155,156,108,111,0,0,0,0,41,99,98,100,101,110,109,157,158,0,0,0,0,41,101,100,102,103,158,157,159,160,0,0,0,0,41,105,104,106,107,114,161,162,115,13,13,13,13,41,109,108,110,111,107,163,164,99,13,13,13,13,41,111,110,112,113,99,164,165,100,13,13,13,13,41,89,112,110,88,147,166,167,148,14,14,14,14,41,59,80,112,89,18,121,166,147,8,8,8,8,41,54,55,84,83,35,34,168,139,4,4,4,4,41,78,58,88,110,123,122,169,170,7,7,7,7,41,58,65,96,88,128,116,108,156,5,5,5,5,41,56,57,87,85,10,118,145,96,2,2,2,2,41,67,69,100,98,117,39,157,109,5,5,5,5,41,70,71,103,102,38,136,171,159,3,3,3,3,41,90,92,93,91,141,152,151,142,15,15,15,15,41,57,59,89,87,19,18,147,150,2,2,2,2,41,69,70,102,100,39,38,159,157,5,5,5,5,41,61,54,83,91,129,35,139,142,4,4,4,4,41,64,63,93,95,138,137,151,154,4,4,4,4,41,109,107,106,108,172,115,162,173,16,16,16,16,41,108,106,74,76,174,112,22,175,17,17,17,17,41,76,74,75,77,176,177,178,179,18,18,18,18,41,77,75,107,109,180,27,115,172,5,5,5,5,41,66,68,67,65,119,131,130,120,19,19,19,19,41,91,93,63,61,142,151,137,129,20,20,20,20,41,61,63,62,60,181,182,183,184,21,21,21,21,41,34,122,126,62,185,186,187,188,5,5,5,5,41,10,114,120,38,189,190,191,192,4,4,4,4,41,115,116,32,121,193,194,195,196,5,5,5,5,41,116,117,34,32,194,197,185,195,5,5,5,5,41,119,12,40,123,198,199,200,201,4,4,4,4,41,117,118,122,34,197,202,186,185,1,1,1,1,41,62,126,94,92,188,187,203,204,5,5,5,5,41,38,120,125,66,192,191,205,206,22,22,22,22,41,121,32,60,124,196,195,207,208,5,5,5,5,41,123,40,68,127,201,200,209,210,22,22,22,22,41,66,125,86,97,206,205,211,212,4,4,4,4,41,127,68,99,101,210,209,213,214,4,4,4,4,41,60,62,92,90,207,188,204,215,1,1,1,1,41,124,60,90,82,208,207,215,216,5,5,5,5,41,97,99,68,66,212,213,209,206,17,17,17,17,41,120,121,124,125,217,218,219,220,7,7,7,7,41,114,115,121,120,221,222,218,217,3,3,3,3,41,125,124,82,86,220,219,223,224,3,3,3,3],