{
    "normals":[0,1,-4.37114e-08,0,1,-4.37114e-08,0,1,-4.37114e-08,0,1,-4.37114e-08,-7.80398e-15,1,-4.37114e-08,3.75713e-15,1,-4.37114e-08,1.6948e-15,1,-4.37114e-08,-2.21533e-15,1,-4.37114e-08,9.72568e-15,1,-4.37114e-08,0,1,-4.37114e-08,0,1,-4.37114e-08,-2.27444e-15,1,-4.37114e-08,-4.06115e-15,1,-4.37114e-08,-2.98302e-16,1,-4.37114e-08,0,1,-4.37114e-08],
    "vertices":[-3.46795,7.60627e-08,1.74011,-1.19513,7.60627e-08,1.74011,-0.297746,7.60627e-08,1.74011,0.830752,7.60627e-08,1.74011,0.945125,7.60627e-08,1.74011,0.945125,7.09137e-08,1.62232,0.945125,1.55836e-08,0.356511,1.03422,1.55836e-08,0.356511,1.95399,1.55836e-08,0.356511,1.95399,1.87055e-08,0.427932,1.95399,4.87664e-08,1.11564,1.95399,5.58138e-08,1.27687,1.95399,6.08882e-08,1.39296,1.95399,7.28602e-08,1.66685,1.95399,1.02957e-07,2.35538,1.95399,1.37257e-07,3.14007,1.17776,1.37257e-07,3.14007,1.17776,1.42242e-07,3.25412,0.277532,1.37257e-07,3.14007,0.277532,1.42242e-07,3.25412,-3.46795,1.37257e-07,3.14007,1.52229,4.83513e-08,1.10615,-3.46795,7.09137e-08,1.62232,-3.46795,-1.15859e-07,-2.65054,-2.36241,-1.15859e-07,-2.65054,-0.566687,-1.15859e-07,-2.65054,0.830752,-1.15859e-07,-2.65054,-1.19513,7.60627e-08,1.74011,-1.19513,7.09137e-08,1.62232,-0.297746,7.60627e-08,1.74011,-0.297746,7.09137e-08,1.62232,0.830752,7.09137e-08,1.62232,0.830752,9.64156e-09,0.220573,0.830752,1.55836e-08,0.356511,-0.451026,-3.55349e-08,-0.812944,-0.382546,1.20228e-08,0.275051],
    "metadata":{
        "version":3,
        "generator":"io_three",
        "normals":15,
        "vertices":36,
        "faces":22,
        "type":"Geometry",
        "uvs":1
    },
    "faces":[41,17,16,18,19,0,1,2,3,0,0,0,0,41,0,20,18,1,4,5,2,6,1,1,1,1,41,16,2,1,18,1,7,6,2,2,2,2,2,40,3,2,16,10,7,1,3,3,3,40,16,15,4,1,8,9,1,1,1,40,16,4,3,1,9,10,1,1,1,41,4,15,14,5,9,8,11,12,4,4,4,4,41,5,14,13,21,12,11,13,14,5,5,5,5,40,11,10,21,17,15,14,6,6,6,40,21,13,12,14,13,16,1,1,1,40,21,12,11,14,16,17,7,7,7,40,21,6,5,14,18,12,8,8,8,41,8,21,10,9,19,14,15,20,1,1,1,1,41,6,21,8,7,18,14,19,21,1,1,1,1,41,28,27,29,30,22,23,24,25,9,9,9,9,41,22,28,24,23,26,22,27,28,10,10,10,10,40,25,24,34,29,27,30,10,10,10,41,25,34,32,26,29,30,31,32,11,11,11,11,41,34,24,28,35,30,27,22,33,12,12,12,12,41,33,32,34,35,34,31,30,33,13,13,13,13,40,35,28,30,33,22,25,14,14,14,41,30,31,33,35,25,35,34,33,10,10,10,10],
    "uvs":[[0.642991,0.59779,0.643266,0.613553,0.518839,0.615725,0.518564,0.599962,0.00452864,0.818258,0.00115134,0.624761,0.31867,0.812775,0.442704,0.81061,0.750554,0.611681,0.614489,0.807612,0.598681,0.807888,0.752447,0.720138,0.614773,0.823893,0.754108,0.815305,0.695793,0.893844,0.755438,0.89149,0.754769,0.85316,0.755438,0.872319,0.617827,0.998849,0.757269,0.996415,0.757269,0.943936,0.630142,0.998634,0.0174376,0.281249,0.00115137,0.281249,0.00115134,0.157177,0.0174376,0.157177,0.0174377,0.595487,0.608201,0.442635,0.608201,0.595487,0.6082,0.19436,0.354135,0.178369,0.211242,0.0011514,0.6082,0.00115134,0.20371,0.168901,0.192447,0.00115144,0.0174376,0.00115147]]
}