{
    "vertices":[0.945125,-1.29039e-07,-2.95207,1.22384,-1.29039e-07,-2.95207,2.41979,-1.15859e-07,-2.65054,2.41979,-1.29039e-07,-2.95207,0.945125,-1.37124e-07,-3.13703,0.945125,-1.66959e-07,-3.81958,0.945125,-1.8324e-07,-4.19205,1.27065,-1.8324e-07,-4.19205,3.68789,-1.8324e-07,-4.19205,4.06972,-1.8324e-07,-4.19205,4.06972,-1.29039e-07,-2.95207,3.12834,-1.29039e-07,-2.95207,3.12834,-1.15859e-07,-2.65054,1.13474,-1.6061e-07,-3.67433,0.945125,-1.15859e-07,-2.65054,1.22384,-1.15859e-07,-2.65054,4.06972,-1.15859e-07,-2.65054,0.945125,9.64157e-09,0.220573,1.03422,9.64157e-09,0.220573,1.03422,1.55836e-08,0.356511,1.95399,9.64157e-09,0.220573,1.95399,1.55836e-08,0.356511,2.07025,9.64157e-09,0.220573,4.06972,9.64157e-09,0.220573,2.07025,6.08882e-08,1.39296,1.95399,7.28602e-08,1.66685,2.07025,7.28602e-08,1.66685,1.95399,1.02957e-07,2.35538,2.07025,1.02957e-07,2.35538,2.07025,1.37257e-07,3.14007,4.06972,6.08882e-08,1.39296,4.06972,1.37257e-07,3.14007,2.07025,1.55836e-08,0.356511,2.07025,1.87055e-08,0.427932,2.07025,4.87664e-08,1.11564,2.07025,5.58138e-08,1.27687,4.06972,1.55836e-08,0.356511,4.06972,5.58138e-08,1.27687,1.95399,1.87055e-08,0.427932,1.95399,4.87664e-08,1.11564],
    "normals":[0,1,-4.37114e-08,0,1,-4.37114e-08,0,1,-4.37114e-08,0,1,-4.37114e-08,-7.42771e-15,1,-4.37114e-08,4.65342e-15,1,-4.37114e-08,-2.15983e-14,1,-4.37114e-08,0,1,-4.37114e-08,0,1,-4.37114e-08,1.45902e-15,1,-4.37114e-08,0,1,-4.37114e-08,0,1,-4.37114e-08,0,1,-4.37114e-08,-5.52471e-16,1,-4.37114e-08],
    "uvs":[[0.281152,0.575068,0.415458,0.575068,0.415458,0.632222,0.281152,0.632222,0.52152,0.867263,0.593897,0.632222,0.593897,0.867263,0.0633294,0.867263,0.0544574,0.632222,0.0375671,0.769129,0.00162616,0.632222,0.0016263,0.867263,0.00162627,0.796661,0.00162619,0.667283,0.0187024,0.0273934,0.0187113,0.00162616,0.193055,0.00168634,0.193046,0.0274536,0.415458,0.571755,0.21508,0.0274612,0.594083,0.027591,0.593897,0.571816,0.281152,0.571709,0.00162616,0.571612,0.00181429,0.0273876,0.0544569,0.57163,0.619185,0.854319,0.597149,0.854319,0.597149,0.723807,0.619185,0.723807,0.998187,0.575068,0.998187,0.906235,0.619185,0.575068,0.619185,0.906235,0.619372,0.0321871,0.619372,0.00162618,0.998374,0.00162616,0.619372,0.162544,0.998374,0.176082,0.619372,0.176081,0.597336,0.162544,0.597336,0.0321871]],
    "metadata":{
        "faces":20,
        "normals":14,
        "type":"Geometry",
        "generator":"io_three",
        "version":3,
        "vertices":40,
        "uvs":1
    },
    "faces":[41,2,12,11,3,0,1,2,3,0,0,0,0,41,8,11,10,9,4,2,5,6,1,1,1,1,41,8,7,3,11,4,7,3,2,2,2,2,2,41,13,0,1,3,9,10,8,3,3,3,3,3,41,6,5,13,7,11,12,9,7,4,4,4,4,40,13,3,7,9,3,7,5,5,5,41,0,13,5,4,10,9,12,13,6,6,6,6,41,18,19,21,20,14,15,16,17,7,7,7,7,41,12,22,23,16,18,19,20,21,8,8,8,8,41,22,12,2,20,19,18,22,17,7,7,7,7,41,14,17,18,15,23,24,14,25,2,2,2,2,41,2,15,18,20,22,25,14,17,2,2,2,2,41,26,25,27,28,26,27,28,29,1,1,1,1,41,31,30,26,28,30,31,26,29,9,9,9,9,40,28,29,31,29,32,30,10,10,10,40,26,30,24,26,31,33,11,11,11,40,34,35,37,34,35,36,1,1,1,40,33,36,32,37,38,39,12,12,12,41,37,36,33,34,36,38,37,34,13,13,13,13,41,33,38,39,34,37,40,41,34,11,11,11,11]
}