{
    "faces":[40,0,1,2,0,1,2,0,0,0,40,1,0,5,1,0,3,1,1,1,40,0,2,3,0,4,5,2,2,2,40,0,3,4,0,5,6,3,3,3,40,0,4,5,0,6,3,4,4,4,40,1,5,10,7,8,9,5,5,5,40,2,1,6,10,7,11,6,6,6,40,3,2,7,12,10,13,7,7,7,40,4,3,8,14,12,15,8,8,8,40,5,4,9,8,16,17,9,9,9,40,1,10,6,7,9,11,10,10,10,40,2,6,7,10,11,13,11,11,11,40,3,7,8,12,13,15,12,12,12,40,4,8,9,14,15,18,13,13,13,40,5,9,10,8,17,9,14,14,14,40,6,10,11,19,20,21,15,15,15,40,7,6,11,22,23,21,16,16,16,40,8,7,11,24,22,21,17,17,17,40,9,8,11,25,24,21,18,18,18,40,10,9,11,20,25,21,19,19,19],
    "metadata":{
        "type":"Geometry",
        "generator":"io_three",
        "normals":20,
        "version":3,
        "faces":20,
        "vertices":12,
        "uvs":1
    },
    "normals":[0.187597,-0.794651,0.577354,0.607065,-0.794652,3.11275e-08,-0.491122,-0.794652,0.356829,-0.491122,-0.794652,-0.356829,0.187597,-0.794651,-0.577354,0.982246,-0.187597,1.06346e-08,0.303536,-0.187589,0.934171,-0.794649,-0.187587,0.577359,-0.794649,-0.187587,-0.577359,0.303536,-0.187589,-0.934171,0.794649,0.187587,0.577359,-0.303536,0.187589,0.934171,-0.982246,0.187597,-1.06346e-08,-0.303536,0.187589,-0.934171,0.794649,0.187587,-0.577359,0.491122,0.794652,0.356829,-0.187597,0.794651,0.577354,-0.607065,0.794652,-4.50477e-08,-0.187597,0.794651,-0.577354,0.491122,0.794652,-0.356829],
    "uvs":[[0.260748,0.726167,0.17547,0.873874,0.0901911,0.726169,0.346025,0.873874,0.17547,0.57846,0.346028,0.57846,0.431304,0.726169,0.624793,0.258214,0.795348,0.258213,0.710071,0.405922,0.454237,0.258213,0.539513,0.405922,0.28368,0.258213,0.368957,0.405921,0.113122,0.258213,0.198402,0.405921,0.965904,0.258213,0.880628,0.405921,0.0278461,0.405922,0.614507,0.575914,0.785065,0.575914,0.699785,0.723621,0.614507,0.871328,0.529228,0.723623,0.785062,0.871328,0.870341,0.723623]],
    "vertices":[0,-1,4.37114e-08,0.7236,-0.447215,0.52572,-0.276385,-0.447215,0.85064,-0.894425,-0.447215,1.95484e-08,-0.276385,-0.447215,-0.85064,0.7236,-0.447215,-0.52572,0.276385,0.447215,0.85064,-0.7236,0.447215,0.52572,-0.7236,0.447215,-0.52572,0.276385,0.447215,-0.85064,0.894425,0.447215,-1.95484e-08,0,1,-4.37114e-08]
}