{
    "faces":[32,0,6,1,0,0,0,33,15,16,3,7,1,1,1,1,33,13,14,4,8,2,2,2,2,33,11,12,5,9,3,3,3,3,32,10,2,1,4,4,4,32,6,10,1,5,5,5,33,10,6,12,11,6,6,6,6,33,9,5,14,13,7,7,7,7,33,8,4,16,15,8,8,8,8],
    "normals":[0.00117584,-0.00748433,-0.999971,-0.0142086,0.000104735,-0.999899,-0.0140482,0.000273634,-0.999901,-0.013239,-0.001022,-0.999912,-0.00363173,-0.0102248,-0.999941,-0.00794735,-0.00263452,-0.999965,-0.0118006,-0.00414794,-0.999922,-0.0152071,-0.000347916,-0.999884,-0.0150828,-0.000163211,-0.999886],
    "vertices":[-0.405568,0.37248,1.49282e-08,-0.748697,-0.691571,0.00756048,0.30843,-0.327668,-1.6887e-08,1.7904,1.31462,-0.0269013,1.01979,1.10518,-0.0156284,0.338454,0.726115,-0.00566151,-0.258769,0.230061,0.00123857,1.90475,0.739676,-0.0285741,1.2441,0.563594,-0.0189097,0.664101,0.238699,-0.0104252,0.155756,-0.177354,-0.000982539,0.394145,0.0461498,-0.00570388,0.0240589,0.493565,-0.00221147,0.937846,0.409664,-0.0146675,0.662868,0.924165,-0.010645,1.54719,0.66938,-0.0235129,1.37786,1.22765,-0.0210358],
    "uvs":[],
    "metadata":{
        "normals":9,
        "uvs":0,
        "version":3,
        "vertices":17,
        "faces":9,
        "type":"Geometry",
        "generator":"io_three"
    }
}