{
    "faces":[32,0,1,6,0,0,0,33,15,7,3,16,1,1,1,1,33,13,8,4,14,2,2,2,2,33,11,9,5,12,3,3,3,3,32,10,1,2,4,4,4,32,6,1,10,5,5,5,33,10,11,12,6,6,6,6,6,33,9,13,14,5,7,7,7,7,33,8,15,16,4,8,8,8,8],
    "normals":[0.0158022,0.00748425,-0.999847,0.000418402,-0.000104824,-1,0.000578765,-0.000273724,-1,0.00138808,0.00102191,-0.999999,0.0109947,0.0102248,-0.999887,0.00667992,0.00263443,-0.999974,0.00282647,0.00414786,-0.999987,-0.000580281,0.000347829,-1,-0.000455919,0.000163119,-1],
    "vertices":[0.308392,0.37248,0.00522175,0.651595,-0.691571,0.00268111,-0.40553,-0.327668,-0.00522175,-1.88773,1.31462,-1.66429e-07,-1.11704,1.10518,-1.50755e-07,-0.435634,0.726115,-1.24173e-07,0.161627,0.230061,0.00183612,-2.0021,0.739676,-1.24999e-07,-1.34138,0.563594,-1.11714e-07,-0.761315,0.238699,-8.9247e-08,-0.252887,-0.177354,-0.0020062,-0.491319,0.0461498,-0.000772283,-0.121222,0.493565,0.00114886,-1.03509,0.409664,0.00023766,-0.760085,0.924165,0.000237622,-1.6445,0.66938,0.00016924,-1.47515,1.22765,0.000169199],
    "uvs":[],
    "metadata":{
        "normals":9,
        "uvs":0,
        "version":3,
        "vertices":17,
        "faces":9,
        "type":"Geometry",
        "generator":"io_three"
    }
}