{
    "vertices":[1,-0.673103,-0.673103,0.673103,-1,-0.673103,0.673103,-0.673103,-1,1,-0.673103,0.673103,0.673103,-0.673103,1,0.673103,-1,0.673103,-0.673103,-0.673103,1,-1,-0.673103,0.673103,-0.673103,-1,0.673103,-0.673102,-0.673103,-1,-0.673102,-1,-0.673103,-1,-0.673103,-0.673103,0.673103,0.673103,-1,0.673103,1,-0.673102,1,0.673103,-0.673102,0.673102,0.673103,1,1,0.673103,0.673103,0.673102,1,0.673103,-1,0.673103,0.673102,-0.673103,0.673103,1,-0.673103,1,0.673102,-1,0.673103,-0.673103,-0.673103,1,-0.673103,-0.673103,0.673103,-1],
    "normals":[2.43518e-07,2.43518e-07,-1,0,-1,0,-1,-1.99242e-07,-2.43518e-07,0,1,0,-3.09932e-07,-8.85521e-08,1,0.57735,-0.57735,-0.57735,0.57735,-0.57735,0.57735,-0.57735,-0.57735,0.57735,-0.57735,-0.57735,-0.57735,0.57735,0.57735,-0.57735,0.57735,0.57735,0.57735,-0.57735,0.57735,0.57735,-0.57735,0.57735,-0.577351,0.707107,-0.707107,5.9858e-08,1.43659e-07,-0.707107,-0.707107,0.707107,6.58439e-08,-0.707107,-1.07744e-07,-0.707107,0.707107,0.707107,0,0.707107,-0.707107,-0.707107,-1.37673e-07,-0.707107,-5.9858e-08,0.707107,-0.707107,4.19006e-08,-0.707107,0.707107,0.707107,3.29219e-07,1.73588e-07,0.707107,-0.707107,-2.93304e-07,0.707107,0.707107,-0.707107,0.707107,-1.55631e-07,1,4.42759e-08,3.09932e-07],
    "faces":[43,12,2,9,23,6,0,1,2,3,0,0,0,0,43,1,5,8,10,5,4,5,6,7,1,1,1,1,43,7,18,21,11,4,8,9,10,11,2,2,2,2,43,13,22,20,17,2,12,13,14,15,3,3,3,3,43,4,15,19,6,1,16,17,18,19,4,4,4,4,42,0,1,2,11,20,4,1,5,5,5,42,3,4,5,12,21,16,5,6,6,6,42,6,7,8,13,19,22,6,7,7,7,42,9,10,11,14,2,7,23,8,8,8,42,12,13,14,7,0,12,24,9,9,9,42,15,16,17,8,25,26,15,10,10,10,42,18,19,20,9,27,28,14,11,11,11,42,21,22,23,10,29,13,3,12,12,12,43,0,3,5,1,0,30,31,32,33,13,13,13,13,43,1,10,9,2,0,4,7,2,1,14,14,14,14,43,14,0,2,12,0,34,30,1,0,15,15,15,15,43,4,6,8,5,0,16,19,6,5,16,16,16,16,43,3,16,15,4,0,31,35,36,37,17,17,17,17,43,7,11,10,8,0,8,11,38,39,18,18,18,18,43,6,19,18,7,0,40,41,9,8,19,19,19,19,43,11,21,23,9,0,11,10,3,2,20,20,20,20,43,13,17,16,14,0,12,15,42,43,21,21,21,21,43,12,23,22,13,0,0,3,13,12,22,22,22,22,43,17,20,19,15,0,15,14,28,25,23,23,23,23,43,20,22,21,18,0,14,13,44,45,24,24,24,24,43,0,14,16,3,3,30,34,35,31,25,25,25,25],
    "metadata":{
        "type":"Geometry",
        "version":3,
        "generator":"io_three",
        "normals":26,
        "faces":26,
        "vertices":24,
        "materials":15,
        "uvs":1
    },
    "materials":[{
        "transparent":false,
        "depthWrite":true,
        "DbgColor":15658734,
        "colorDiffuse":[0.64,0.64,0.64],
        "blending":1,
        "depthTest":true,
        "wireframe":false,
        "DbgName":"EdgeMaterial",
        "doubleSided":false,
        "DbgIndex":0,
        "visible":true,
        "opacity":1,
        "shading":"basic",
        "colorEmissive":[0,0,0]
    },{
        "transparent":false,
        "depthWrite":true,
        "DbgColor":15597568,
        "colorDiffuse":[0.8,0.8,0.8],
        "blending":1,
        "depthTest":true,
        "wireframe":false,
        "DbgName":"BackMaterial",
        "doubleSided":false,
        "DbgIndex":1,
        "visible":true,
        "opacity":1,
        "shading":"basic",
        "colorEmissive":[0,0,0]
    },{
        "transparent":false,
        "depthWrite":true,
        "DbgColor":60928,
        "colorDiffuse":[0.8,0.8,0.8],
        "blending":1,
        "depthTest":true,
        "wireframe":false,
        "DbgName":"TopMaterial",
        "doubleSided":false,
        "DbgIndex":2,
        "visible":true,
        "opacity":1,
        "shading":"basic",
        "colorEmissive":[0,0,0]
    },{
        "transparent":false,
        "depthWrite":true,
        "DbgColor":238,
        "colorDiffuse":[0.8,0.8,0.8],
        "blending":1,
        "depthTest":true,
        "wireframe":false,
        "DbgName":"LeftMaterial",
        "doubleSided":false,
        "DbgIndex":3,
        "visible":true,
        "opacity":1,
        "shading":"basic",
        "colorEmissive":[0,0,0]
    },{
        "transparent":false,
        "depthWrite":true,
        "DbgColor":15658496,
        "colorDiffuse":[0.8,0.8,0.8],
        "blending":1,
        "depthTest":true,
        "wireframe":false,
        "DbgName":"RightMaterial",
        "doubleSided":false,
        "DbgIndex":4,
        "visible":true,
        "opacity":1,
        "shading":"basic",
        "colorEmissive":[0,0,0]
    },{
        "transparent":false,
        "depthWrite":true,
        "DbgColor":61166,
        "colorDiffuse":[0.8,0.8,0.8],
        "blending":1,
        "depthTest":true,
        "wireframe":false,
        "DbgName":"BottomMaterial",
        "doubleSided":false,
        "DbgIndex":5,
        "visible":true,
        "opacity":1,
        "shading":"basic",
        "colorEmissive":[0,0,0]
    },{
        "transparent":false,
        "depthWrite":true,
        "DbgColor":15597806,
        "colorDiffuse":[0.8,0.8,0.8],
        "blending":1,
        "depthTest":true,
        "wireframe":false,
        "DbgName":"FrontMaterial",
        "doubleSided":false,
        "DbgIndex":6,
        "visible":true,
        "opacity":1,
        "shading":"basic",
        "colorEmissive":[0,0,0]
    },{
        "transparent":false,
        "depthWrite":true,
        "DbgColor":15658734,
        "colorDiffuse":[0.8,0.8,0.8],
        "blending":1,
        "depthTest":true,
        "wireframe":false,
        "DbgName":"CornerTopLeftFrontMaterial",
        "doubleSided":false,
        "DbgIndex":7,
        "visible":true,
        "opacity":1,
        "shading":"basic",
        "colorEmissive":[0,0,0]
    },{
        "transparent":false,
        "depthWrite":true,
        "DbgColor":15658734,
        "colorDiffuse":[0.8,0.8,0.8],
        "blending":1,
        "depthTest":true,
        "wireframe":false,
        "DbgName":"CornerTopBackLeftMaterial",
        "doubleSided":false,
        "DbgIndex":8,
        "visible":true,
        "opacity":1,
        "shading":"basic",
        "colorEmissive":[0,0,0]
    },{
        "transparent":false,
        "depthWrite":true,
        "DbgColor":15658734,
        "colorDiffuse":[0.8,0.8,0.8],
        "blending":1,
        "depthTest":true,
        "wireframe":false,
        "DbgName":"CornerTopRightBackMaterial",
        "doubleSided":false,
        "DbgIndex":9,
        "visible":true,
        "opacity":1,
        "shading":"basic",
        "colorEmissive":[0,0,0]
    },{
        "transparent":false,
        "depthWrite":true,
        "DbgColor":15658734,
        "colorDiffuse":[0.8,0.8,0.8],
        "blending":1,
        "depthTest":true,
        "wireframe":false,
        "DbgName":"CornerTopFrontRightMaterial",
        "doubleSided":false,
        "DbgIndex":10,
        "visible":true,
        "opacity":1,
        "shading":"basic",
        "colorEmissive":[0,0,0]
    },{
        "transparent":false,
        "depthWrite":true,
        "DbgColor":15658734,
        "colorDiffuse":[0.8,0.8,0.8],
        "blending":1,
        "depthTest":true,
        "wireframe":false,
        "DbgName":"CornerBottomFrontLeftMaterial",
        "doubleSided":false,
        "DbgIndex":11,
        "visible":true,
        "opacity":1,
        "shading":"basic",
        "colorEmissive":[0,0,0]
    },{
        "transparent":false,
        "depthWrite":true,
        "DbgColor":15658734,
        "colorDiffuse":[0.8,0.8,0.8],
        "blending":1,
        "depthTest":true,
        "wireframe":false,
        "DbgName":"CornerBottomLeftBackMaterial",
        "doubleSided":false,
        "DbgIndex":12,
        "visible":true,
        "opacity":1,
        "shading":"basic",
        "colorEmissive":[0,0,0]
    },{
        "transparent":false,
        "depthWrite":true,
        "DbgColor":15658734,
        "colorDiffuse":[0.8,0.8,0.8],
        "blending":1,
        "depthTest":true,
        "wireframe":false,
        "DbgName":"CornerBottomBackRightMaterial",
        "doubleSided":false,
        "DbgIndex":13,
        "visible":true,
        "opacity":1,
        "shading":"basic",