{
    "vertices":[-8.75579,6.36784,11,9.24511,6.36784,11.0004,-8.75579,6.36784,-10.9,9.24421,6.36784,-10.8995],
    "normals":[0,1,-0],
    "faces":[41,0,1,3,2,0,1,2,3,0,0,0,0],
    "metadata":{
        "generator":"io_three",
        "vertices":4,
        "normals":1,
        "type":"Geometry",
        "faces":1,
        "version":3,
        "uvs":1
    },
    "uvs":[[0.81169,0.984058,0.015927,0.984073,0.015966,0.015948,0.81169,0.015927]]
}