{
    "vertices":[-0.011481,6.28599,-3.5521,-0.011481,6.8337,-3.5521,0.536227,6.28599,-3.5521,0.536227,6.8337,-3.5521,-0.011481,6.28599,-3.00439,-0.011481,6.8337,-3.00439,0.536227,6.28599,-3.00439,0.536227,6.8337,-3.00439,-0.011481,6.83171,-4.12772,-0.011481,6.91622,-4.12772,0.536227,6.83171,-4.12772,0.536227,6.91622,-4.12772,-0.011481,6.83171,-2.98269,-0.011481,6.91622,-2.98269,0.536227,6.83171,-2.98269,0.536227,6.91622,-2.98269],
    "metadata":{
        "generator":"io_three",
        "vertices":16,
        "normals":9,
        "type":"Geometry",
        "materials":10,
        "faces":12,
        "version":3
    },
    "faces":[35,0,1,3,2,4,0,0,0,0,35,2,3,7,6,4,1,1,1,1,35,6,7,5,4,4,2,2,2,2,35,1,0,4,5,4,3,3,3,3,35,4,0,2,6,4,4,4,4,4,35,7,3,1,5,4,5,5,5,5,35,8,9,11,10,4,0,0,0,0,35,10,11,15,14,4,6,6,6,6,35,14,15,13,12,4,2,2,2,2,35,12,13,9,8,4,7,7,7,7,35,10,14,12,8,4,8,8,8,8,35,15,11,9,13,4,5,5,5,5],
    "normals":[-0,0,-1,1,0,0,-0,0,1,-1,0,-0,-0,-1,0,-0,1,0,1,0,0,-1,0,-0,0,-1,0],
    "materials":[{
        "specularCoef":50,
        "colorEmissive":[0,0,0],
        "colorSpecular":[0.2,0.2,0.2],
        "colorDiffuse":[0.64,0.054467,0.050188],
        "DbgColor":15658734,
        "visible":true,
        "wireframe":false,
        "doubleSided":false,
        "depthWrite":true,
        "DbgIndex":0,
        "opacity":1,
        "depthTest":true,
        "transparent":false,
        "shading":"phong",
        "DbgName":"WallMaterial",
        "blending":1
    },{
        "specularCoef":50,
        "colorEmissive":[0,0,0],
        "colorSpecular":[0.150685,0.150685,0.150685],
        "colorDiffuse":[0.64,0.64,0.64],
        "DbgColor":15597568,
        "visible":true,
        "wireframe":false,
        "doubleSided":false,
        "depthWrite":true,
        "DbgIndex":1,
        "opacity":1,
        "depthTest":true,
        "transparent":false,
        "shading":"phong",
        "DbgName":"SpaceMaterial",
        "blending":1
    },{
        "specularCoef":50,
        "colorEmissive":[0,0,0],
        "colorSpecular":[0.19863,0.19863,0.19863],
        "colorDiffuse":[0.336016,0.336016,0.336016],
        "DbgColor":60928,
        "visible":true,
        "wireframe":false,
        "doubleSided":false,
        "depthWrite":true,
        "DbgIndex":2,
        "opacity":1,
        "depthTest":true,
        "transparent":false,
        "shading":"phong",
        "DbgName":"RoofMaterial",
        "blending":1
    },{
        "specularCoef":50,
        "colorEmissive":[0,0,0],
        "colorSpecular":[0.10274,0.10274,0.10274],
        "colorDiffuse":[0.134357,0.134357,0.134357],
        "DbgColor":238,
        "visible":true,
        "wireframe":false,
        "doubleSided":false,
        "depthWrite":true,
        "DbgIndex":3,
        "opacity":1,
        "depthTest":true,
        "transparent":false,
        "shading":"phong",
        "DbgName":"RoofSideMaterial",
        "blending":1
    },{
        "specularCoef":50,
        "colorEmissive":[0,0,0],
        "colorSpecular":[0.143836,0.143836,0.143836],
        "colorDiffuse":[0.64,0.041774,0.049678],
        "DbgColor":15658496,
        "visible":true,
        "wireframe":false,
        "doubleSided":false,
        "depthWrite":true,
        "DbgIndex":4,
        "opacity":1,
        "depthTest":true,
        "transparent":false,
        "shading":"phong",
        "DbgName":"VentilationMaterial",
        "blending":1
    },{
        "specularCoef":50,
        "colorEmissive":[0,0,0],
        "colorSpecular":[0.294521,0.294521,0.294521],
        "colorDiffuse":[0.548761,0.548761,0.548761],
        "DbgColor":61166,
        "visible":true,
        "wireframe":false,
        "doubleSided":false,
        "depthWrite":true,
        "DbgIndex":5,
        "opacity":1,
        "depthTest":true,
        "transparent":false,
        "shading":"phong",
        "DbgName":"BoxMaterial",
        "blending":1
    },{
        "specularCoef":50,
        "colorEmissive":[0,0,0],
        "colorSpecular":[0.253425,0.253425,0.253425],
        "colorDiffuse":[0.254828,0.254828,0.254828],
        "DbgColor":15597806,
        "visible":true,
        "wireframe":false,
        "doubleSided":false,
        "depthWrite":true,
        "DbgIndex":6,
        "opacity":1,
        "depthTest":true,
        "transparent":false,
        "shading":"phong",
        "DbgName":"BoxRoofMaterial",
        "blending":1
    },{
        "specularCoef":50,
        "colorEmissive":[0,0,0],
        "colorSpecular":[0.5,0.5,0.5],
        "colorDiffuse":[0.230634,0.230634,0.230634],
        "DbgColor":15658734,
        "visible":true,
        "wireframe":false,
        "doubleSided":false,
        "depthWrite":true,
        "DbgIndex":7,
        "opacity":1,
        "depthTest":true,
        "transparent":false,
        "shading":"phong",
        "DbgName":"BoxPanelMaterial",
        "blending":1
    },{
        "specularCoef":50,
        "colorEmissive":[0,0,0],
        "colorSpecular":[0.5,0.5,0.5],
        "colorDiffuse":[0.64,0.64,0.64],
        "DbgColor":15658734,
        "visible":true,
        "wireframe":false,
        "doubleSided":false,
        "depthWrite":true,
        "DbgIndex":8,
        "opacity":1,
        "depthTest":true,
        "transparent":false,
        "shading":"phong",
        "DbgName":"DoorMaterial",
        "blending":1
    },{
        "specularCoef":50,
        "colorEmissive":[0,0,0],
        "colorSpecular":[0.5,0.5,0.5],
        "colorDiffuse":[0.000412,0.000412,0.000412],
        "DbgColor":15658734,
        "visible":true,
        "wireframe":false,
        "doubleSided":false,
        "depthWrite":true,
        "DbgIndex":9,
        "opacity":1,
        "depthTest":true,
        "transparent":false,
        "shading":"phong",
        "DbgName":"BlackMaterial",
        "blending":1
    }]
}