{
    "vertices":[10.6925,3.03197,0.616292,10.6925,2.04786,-0.616293,10.6925,2.04786,0.616292,10.7777,2.04786,0.616292,10.7777,2.04786,0.492057,10.7777,3.03197,0.492057,10.7777,2.04786,-0.492057,10.7777,3.03197,-0.492057,10.7777,3.03197,0.616292,10.7777,2.04786,-0.616293,10.7777,3.03197,-0.616293,10.6925,3.03197,-0.616293,10.7777,2.04786,0.408839,10.7777,2.04786,-0.40884,10.7777,3.03197,-0.40884,10.7777,3.03197,0.408839,10.6925,2.04786,-0.492057,10.6925,3.03197,-0.492057,10.6925,2.04786,0.492057,10.6925,3.03197,0.492057,10.6925,3.03197,-0.40884,10.6925,3.03197,0.408839,10.6925,2.04786,-0.40884,10.6925,2.04786,0.408839,9.00249,2.04786,-0.492057,9.00249,3.03197,0.492057,9.00249,2.04786,-0.40884,9.00249,2.04786,0.408839,9.00249,3.03197,-0.492057,9.00249,2.04786,0.492057,9.00249,3.03197,-0.40884,9.00249,3.03197,0.408839,9.00249,2.2059,-0.40884,10.6925,2.2059,-0.40884,9.00249,2.2059,0.408839,10.6925,2.2059,0.408839,10.7777,1.95907,-0.40884,10.7777,1.95907,-0.492057,10.6925,1.95907,0.492057,10.7777,1.95907,0.492057,10.7777,1.95907,-0.616293,10.6925,1.95907,0.616292,10.7777,1.95907,0.616292,10.6925,1.95907,-0.616293,10.6925,1.95907,-0.492057,10.7777,1.95907,0.408839,10.6925,1.95907,-0.40884,10.6925,1.95907,0.408839],
    "faces":[35,46,36,45,47,5,0,0,0,0,35,13,12,45,36,5,1,1,1,1,35,12,15,5,4,5,2,2,2,2,35,44,37,36,46,5,3,3,3,3,35,22,16,44,46,5,4,4,4,4,35,47,45,39,38,5,3,3,3,3,35,38,39,42,41,5,0,0,0,0,35,17,7,10,11,5,5,5,5,5,35,2,18,38,41,5,6,6,6,6,35,12,4,39,45,5,1,1,1,1,35,6,7,14,13,5,2,2,2,2,35,13,14,15,12,5,2,2,2,2,35,4,5,8,3,5,2,2,2,2,35,0,8,5,19,5,5,5,5,5,35,26,22,23,27,5,0,0,0,0,35,24,16,22,26,5,0,0,0,0,35,14,20,21,15,5,7,7,7,7,35,7,17,20,14,5,8,8,8,8,35,15,21,19,5,5,8,8,8,8,35,27,23,18,29,5,0,0,0,0,35,16,17,11,1,5,6,6,6,6,35,24,28,17,16,5,9,9,9,9,35,2,0,19,18,5,6,6,6,6,35,7,6,9,10,5,10,10,10,10,35,23,22,46,47,5,4,4,4,4,35,0,2,3,8,5,11,11,11,11,35,1,11,10,9,5,12,12,12,12,35,17,28,30,20,5,7,7,7,7,35,21,31,25,19,5,7,7,7,7,35,18,19,25,29,5,13,13,13,13,35,33,32,34,35,5,7,7,7,7,35,20,30,32,33,5,14,14,14,14,35,31,21,35,34,5,15,15,15,15,35,21,20,33,35,5,6,6,6,6,35,37,44,43,40,5,16,16,16,16,35,18,23,47,38,5,4,4,4,4,35,6,13,36,37,5,1,1,1,1,35,1,9,40,43,5,17,17,17,17,35,4,3,42,39,5,18,18,18,18,35,3,2,41,42,5,19,19,19,19,35,16,1,43,44,5,6,6,6,6,35,9,6,37,40,5,18,18,18,18],
    "normals":[0,-1,-0,1,-0,0,1,0,0,0,-1,-0,-1,0,0,0,1,-0,-1,0,0,0,1,0,0,1,0,0,-0,-1,1,0,-0,0,0,1,-0,0,-1,0,0,1,0,0,1,0,-0,-1,0,-1,0,0,-1e-06,-1,1,-0,0,0,1e-06,1],
    "metadata":{
        "generator":"io_three",
        "vertices":48,
        "materials":10,
        "normals":20,
        "type":"Geometry",
        "faces":42,
        "version":3
    },
    "materials":[{
        "colorDiffuse":[0.64,0.054467,0.050188],
        "specularCoef":50,
        "colorSpecular":[0.2,0.2,0.2],
        "blending":1,
        "depthTest":true,
        "DbgName":"WallMaterial",
        "depthWrite":true,
        "visible":true,
        "opacity":1,
        "wireframe":false,
        "DbgIndex":0,
        "doubleSided":false,
        "colorEmissive":[0,0,0],
        "transparent":false,
        "DbgColor":15658734,
        "shading":"phong"
    },{
        "colorDiffuse":[0.64,0.64,0.64],
        "specularCoef":50,
        "colorSpecular":[0.150685,0.150685,0.150685],
        "blending":1,
        "depthTest":true,
        "DbgName":"SpaceMaterial",
        "depthWrite":true,
        "visible":true,
        "opacity":1,
        "wireframe":false,
        "DbgIndex":1,
        "doubleSided":false,
        "colorEmissive":[0,0,0],
        "transparent":false,
        "DbgColor":15597568,
        "shading":"phong"
    },{
        "colorDiffuse":[0.336016,0.336016,0.336016],
        "specularCoef":50,
        "colorSpecular":[0.19863,0.19863,0.19863],
        "blending":1,
        "depthTest":true,
        "DbgName":"RoofMaterial",
        "depthWrite":true,
        "visible":true,
        "opacity":1,
        "wireframe":false,
        "DbgIndex":2,
        "doubleSided":false,
        "colorEmissive":[0,0,0],
        "transparent":false,
        "DbgColor":60928,
        "shading":"phong"
    },{
        "colorDiffuse":[0.134357,0.134357,0.134357],
        "specularCoef":50,
        "colorSpecular":[0.10274,0.10274,0.10274],
        "blending":1,
        "depthTest":true,
        "DbgName":"RoofSideMaterial",
        "depthWrite":true,
        "visible":true,
        "opacity":1,
        "wireframe":false,
        "DbgIndex":3,
        "doubleSided":false,
        "colorEmissive":[0,0,0],
        "transparent":false,
        "DbgColor":238,
        "shading":"phong"
    },{
        "colorDiffuse":[0.64,0.041774,0.049678],
        "specularCoef":50,
        "colorSpecular":[0.143836,0.143836,0.143836],
        "blending":1,
        "depthTest":true,
        "DbgName":"VentilationMaterial",
        "depthWrite":true,
        "visible":true,
        "opacity":1,
        "wireframe":false,
        "DbgIndex":4,
        "doubleSided":false,
        "colorEmissive":[0,0,0],
        "transparent":false,
        "DbgColor":15658496,
        "shading":"phong"
    },{
        "colorDiffuse":[0.548761,0.548761,0.548761],
        "specularCoef":50,
        "colorSpecular":[0.294521,0.294521,0.294521],
        "blending":1,
        "depthTest":true,
        "DbgName":"BoxMaterial",
        "depthWrite":true,
        "visible":true,
        "opacity":1,
        "wireframe":false,
        "DbgIndex":5,
        "doubleSided":false,
        "colorEmissive":[0,0,0],
        "transparent":false,
        "DbgColor":61166,
        "shading":"phong"
    },{
        "colorDiffuse":[0.254828,0.254828,0.254828],
        "specularCoef":50,
        "colorSpecular":[0.253425,0.253425,0.253425],
        "blending":1,
        "depthTest":true,
        "DbgName":"BoxRoofMaterial",
        "depthWrite":true,
        "visible":true,
        "opacity":1,
        "wireframe":false,
        "DbgIndex":6,
        "doubleSided":false,
        "colorEmissive":[0,0,0],
        "transparent":false,
        "DbgColor":15597806,
        "shading":"phong"
    },{
        "colorDiffuse":[0.230634,0.230634,0.230634],
        "specularCoef":50,
        "colorSpecular":[0.5,0.5,0.5],
        "blending":1,
        "depthTest":true,
        "DbgName":"BoxPanelMaterial",
        "depthWrite":true,
        "visible":true,
        "opacity":1,
        "wireframe":false,
        "DbgIndex":7,
        "doubleSided":false,
        "colorEmissive":[0,0,0],
        "transparent":false,
        "DbgColor":15658734,
        "shading":"phong"
    },{
        "colorDiffuse":[0.64,0.64,0.64],
        "specularCoef":50,
        "colorSpecular":[0.5,0.5,0.5],
        "blending":1,
        "depthTest":true,
        "DbgName":"DoorMaterial",
        "depthWrite":true,
        "visible":true,
        "opacity":1,
        "wireframe":false,
        "DbgIndex":8,
        "doubleSided":false,
        "colorEmissive":[0,0,0],
        "transparent":false,
        "DbgColor":15658734,
        "shading":"phong"
    },{
        "colorDiffuse":[0.000412,0.000412,0.000412],
        "specularCoef":50,
        "colorSpecular":[0.5,0.5,0.5],
        "blending":1,
        "depthTest":true,
        "DbgName":"BlackMaterial",
        "depthWrite":true,
        "visible":true,
        "opacity":1,
        "wireframe":false,
        "DbgIndex":9,
        "doubleSided":false,
        "colorEmissive":[0,0,0],
        "transparent":false,
        "DbgColor":15658734,
        "shading":"phong"
    }]
}